date,sample_condition,lw_condition,sample_hhi,lw_hhi,sample_realized_vol,lw_realized_vol,sample_forecast_error,lw_forecast_error,sample_sharpe,lw_sharpe,sample_turnover,lw_turnover,lw_shrinkage
2015-07-08,35.832950808515314,18.958990411343287,0.2018310086878118,0.13766950321258073,0.12142140435491272,0.11809967346720758,0.006274492785615177,0.0038989843456709444,3.570187800651217,3.7998531874691492,,,0.15234270071318765
2015-08-06,41.16031080307705,19.00978080174242,0.21564230409063873,0.1353408257897216,0.30158753884822875,0.31235145785813945,0.19168399287820945,0.19311721423001965,-2.9010336874375193,-3.315801011050042,0.2665137494791514,0.1755618539998135,0.1609048886013359
2015-09-04,85.81809494182846,27.414437311795993,0.29984525134963336,0.16137807900617757,0.17271442420171357,0.1582289325881767,0.03797909008526312,0.011175212264874723,-2.270974114157302,-1.0265146128922362,0.5029236406214099,0.3742106074808007,0.18850112820864315
2015-10-08,70.07594484666319,27.522233717913362,0.3071381353266148,0.17408204010816702,0.1447104221194638,0.11215539471983373,0.00993251583821686,0.036357070137705186,-2.613146621663128,-3.094433636802554,0.34196342901265897,0.19401456533566838,0.17384263299943306
2015-11-09,63.89070191614405,21.5477874788748,0.2695615788352386,0.1426174859411566,0.12170364600119306,0.11512600138573167,0.009612358037313376,0.02836149794428472,2.268996480551529,0.9234347352720077,0.22536201327429534,0.15755498916351784,0.2129985332508306
2015-12-11,69.83098783719491,21.162074079077083,0.2882824779496262,0.13917330751167167,0.14354611960817493,0.1277087606732321,0.017122988687669205,0.0122029811810761,-2.3627264920208413,-1.816722577827918,0.2771319707281441,0.1427984561894468,0.22631337299674884
2016-01-12,82.43538906495674,24.201384859251533,0.2906569497994687,0.15227210734015392,0.19897557022577866,0.14969554434009072,0.08107431991421496,0.015383993702941218,0.3998452495353852,-2.5111279776110718,0.3256917276064919,0.15838320729936994,0.21288725329322453
2016-02-11,85.20268033640296,34.98752526188707,0.2497770829273337,0.17049320969144535,0.21181944731090827,0.19153394588750747,0.0953927800342906,0.062133643255122495,-0.7939668455984685,-0.2667614156189054,0.5129548951900621,0.22032487184815125,0.15041675392709306
2016-03-14,59.30076486264896,33.22950704456151,0.18502922352043627,0.14174723506387316,0.1301728481513696,0.12136700729682338,0.01928538199697931,0.0041433449634353525,6.674532987303873,7.614318897994142,0.5385640726476539,0.39291571507061757,0.11199623240890651
2016-04-18,68.54202698518415,34.21783489613703,0.1786591588816643,0.13743865791623608,0.13030484743034496,0.12102532145509917,0.0241172208634335,0.008064221409433303,3.9711414691032236,4.281524104138058,0.2805402778565569,0.21932309863649924,0.12059322393493135
2016-05-18,68.24736004875795,35.78043242168856,0.17069950266619605,0.1387622620885657,0.08120831126051815,0.07713871656710786,0.024854691744341934,0.03482953278826309,3.0112109294719724,2.5461746949154236,0.28255217527539694,0.1993342636947652,0.11447375684677316
2016-06-16,62.59577750855439,32.716697441241514,0.17283593235752306,0.14002471745480388,0.11676744881996255,0.1093680837762318,0.01580483038512706,0.0007066709512979219,6.680538480604849,6.718706879940906,0.16151240535029976,0.1173447042773583,0.11991939756573168
2016-07-18,54.67445405314134,29.621472714667508,0.18128795100911524,0.14076020592036403,0.12889578719408637,0.11932381749854148,0.030847584048189033,0.012539343586228824,6.2856414943084395,6.198488776415103,0.18224557296353514,0.11790669550304748,0.12488606084305477
2016-08-17,51.164041182784274,22.570702925019994,0.1677898119204713,0.11909044081705922,0.12507086839444034,0.11806197889594798,0.02754853433937267,0.01346494854598937,2.0340732059813913,2.2258207933032677,0.3233370785291547,0.2034609488350499,0.16780994975210492
2016-09-19,32.30857214173718,13.796557499428125,0.15288591933572973,0.09457432961493951,0.15214056373033202,0.1529280001278154,0.06252325015889695,0.05860685568455591,1.230800410192602,0.9061545766150791,0.3220987883322922,0.2206183176403014,0.20343167942529297
2016-10-20,37.063742658296626,16.59071741542584,0.14527882398954547,0.09954761575268757,0.21544035469170308,0.211555880174783,0.11871929109616876,0.11251677856998855,-8.058414821134003,-7.948886064800507,0.30465145716295605,0.20669233023051448,0.18453695120735733
2016-11-22,49.83503972495284,23.182002646161386,0.17738186566495262,0.12666455329905593,0.10071714193616256,0.09447048441394951,0.010559371648856508,0.019939418547420693,-0.8697487587154393,-1.4962333767656506,0.42759349862614066,0.35644190477282506,0.15371096044702204
2016-12-21,40.699748725026,21.199462242185984,0.16678062392565035,0.12454859407481993,0.1324503522796778,0.11753938510087093,0.018825420063594375,0.0014065898445941305,4.784044037771266,5.355595812740559,0.1644713881080874,0.117192356830362,0.15204311186415714
2017-01-19,42.90676441840471,21.475582124215688,0.1740344448815551,0.1287288248562962,0.1326204955333748,0.1255543386088448,0.023633365919134494,0.012808608151711393,2.126207334475265,2.420572037181162,0.2511575262337206,0.17113908741163253,0.15555998476145652
2017-02-20,41.01992002786801,20.24655632667931,0.18331666646317757,0.12920288381730546,0.1921830262753157,0.1602244240925646,0.0836209424812596,0.04701123560907047,3.3164758606578095,3.7813493400333305,0.24429827923433636,0.16267415728354864,0.1621794297652279
2017-03-23,44.68032098873602,19.525584552464792,0.1685488137948935,0.12347916017949581,0.14252287018247975,0.12553384891465214,0.034418167497806976,0.012646398540315781,9.626178830957732,9.84085789614052,0.3539224983189108,0.21137729350166232,0.17943996060271303
2017-04-25,30.518519135857392,12.849390800048573,0.1533655965311543,0.09975609440842508,0.12294588373424904,0.11986458739603474,0.014356206304694502,0.007852716756863276,-5.6187645391808685,-5.624858498214249,0.4081566657229679,0.2479699865095215,0.2283540499145626
2017-05-25,26.60879619757541,9.009868277219137,0.12178945634775051,0.07625289542297448,0.1042724700238933,0.10883743323448598,0.005883636768092407,0.009619672403433144,1.313157848343183,2.1136952624557934,0.3040882588776519,0.22035980784903683,0.2909450169800525
2017-06-23,29.42900256295337,9.128267410491382,0.16777078659130285,0.08325482183448009,0.10110924556142747,0.09205191194915241,0.00853794386512105,0.0058697239211863705,-0.2901448208101112,1.2501482133498505,0.2680406179667592,0.12977058677674963,0.29902044159526014
2017-07-25,34.3564526443284,9.481949535529091,0.16710826814934537,0.08165740233833854,0.09306964390684554,0.10906130909580979,0.004383119956187037,0.013894395689488234,-0.8011612064437594,-0.6427488511300927,0.1947336110320383,0.1043193578773986,0.2879815368974365
2017-08-24,38.12832064184386,11.51450781904421,0.1864496281976016,0.09547180364208915,0.12736775742383194,0.1370546267862619,0.0438297438011203,0.042998350617031875,4.6407817350366045,4.027516772386291,0.17462898863423512,0.11134476843763946,0.26013098606143337
2017-09-25,46.764324103289574,12.564490964628687,0.23198077492097988,0.09967688493655588,0.15096462194997348,0.15107143782252763,0.0632986704287528,0.0524352969820335,1.836091786692079,3.070468499215007,0.2394536057529069,0.16331247657049486,0.25091214736395523
2017-10-26,50.781111796755546,13.679254946016808,0.23620479250892346,0.10096235628285258,0.0872605545700271,0.08096007002119496,0.006343928695798626,0.023068592716546654,2.652511680087047,1.7588123334755934,0.2602192543437356,0.15272585520372922,0.25301362439633
2017-11-24,50.721556750025336,14.671344278430963,0.22187146021804535,0.09858998856458256,0.12377737412438648,0.08946053653593984,0.03246635928149291,0.0121360535925744,0.6915314178074884,0.5613589617452792,0.1438028299453929,0.09779363872733067,0.23403985814107453
2017-12-26,48.71225817661012,14.771911301606377,0.20395468608266748,0.0909549683942488,0.09097539585037466,0.08677167716000266,0.0002654877122923449,0.012531691496263195,2.5285443584995204,3.3044236713509916,0.32553478985665807,0.14940895935496673,0.23677513752349427
2018-01-24,44.21785920019736,13.718836850106223,0.19510892983827915,0.09009646118919513,0.14350004663866395,0.14300379550800807,0.05361907240651527,0.0442126860907239,-6.259906045172722,-7.4422125234097996,0.18962473583549389,0.10883767677848616,0.24810135055089802
2018-02-26,50.79733798740525,17.419839857353672,0.19913845152684995,0.10199545240545954,0.10787349036901786,0.10419575229290454,0.016942953642742564,0.004197671239521958,-2.8906252652994935,-3.95178530222386,0.29651948840921,0.17261734468369044,0.21109377453046826
2018-03-28,54.55311257121625,18.599961575803242,0.1877382141388684,0.09942613908422583,0.09109328998397531,0.08763189641272331,0.0037944218062955504,0.008418046828208486,3.8193626991473053,5.551135818805259,0.2772437305645848,0.16514061168011038,0.20485486997200875
2018-04-30,52.54280009637757,22.12313072537572,0.17765469467328404,0.10686905162583854,0.11017797878458982,0.1051443847087223,0.02809962042303908,0.0159262678244753,-2.0550344191174483,-2.349625010929542,0.1843443781835205,0.1530427077233389,0.1644112027007298
2018-05-30,52.78573837190996,23.439320873014896,0.17470089594493976,0.11014696395109574,0.09531688022916998,0.08069332053539126,0.009714468241318122,0.01073797460495525,-1.7042511362103405,-2.487444945003178,0.21355833313369865,0.14734701555074248,0.15600989720712044
2018-06-28,43.67142849424112,22.753987815808717,0.15885025775720932,0.11337163552491986,0.12400596356821635,0.11996658865310228,0.03745836332909523,0.028073199462108067,-1.5998470764680464,-0.6641601578393015,0.17350928875188876,0.09819434093730615,0.14243247529561673
2018-07-27,40.99546241063552,22.63296921650802,0.14719878367782407,0.11334851606374953,0.14039755411211788,0.12931709350676396,0.04744471663835775,0.032301944926192136,4.75239455971532,5.070749387919739,0.2253040105452165,0.15943157143113362,0.13709579790298773
2018-08-29,34.69579057672674,17.871556333591588,0.12930273197113204,0.10097191299626841,0.14898605030707485,0.15010677563292094,0.05897452199163443,0.056484484282048164,-4.225927016847379,-5.1679590571074865,0.33111499214135487,0.23893818095823735,0.16460650581104014
2018-10-01,42.05798395267992,20.760277475922713,0.1481150301387552,0.11147362452102577,0.18839892460505894,0.1932381555589789,0.09257299075942882,0.09263134202414411,-4.905236415083796,-4.271526400020485,0.2879497545426809,0.19214647428435563,0.15927686084240375
2018-11-01,41.426616667934574,22.37923985068137,0.15626466214277387,0.12094424995635722,0.15748368840701404,0.151643735365433,0.04193707824366576,0.03240950762973531,4.138680264460907,4.371800564654328,0.21746556386229904,0.16132237215762196,0.14159403099648277
2018-12-04,39.72292782199945,21.231172881866446,0.16892430922174145,0.12302143919907346,0.15923867194028377,0.15862363649550745,0.039621974222644504,0.03551534870419269,1.8420418213972871,2.038089121198349,0.21532661912323317,0.1692104253907604,0.1485281849207971
2019-01-03,42.1718831308054,23.355017228843376,0.18595268844665913,0.1307217728094049,0.11951860940043187,0.1186424880771277,0.009811440117596784,0.013032500337804967,-1.3274417421859661,-1.7965608856027495,0.22372908897177257,0.1651881938336584,0.13457949594865462
2019-02-01,48.30137221194889,23.903172333867793,0.20289782585475752,0.1311444945684229,0.1552589342928395,0.14171979771125745,0.027553813160525686,0.011388895701790108,-1.2051809427330396,0.21627453961247653,0.22666237811975748,0.15916703295332119,0.14477252296847248
2019-03-06,48.281003108212296,24.538739029866292,0.17714039555107888,0.13269042060597316,0.16052578929097291,0.155334411247686,0.029854936818109246,0.021559663215292624,3.7360287541404693,3.5873499446652746,0.3218160994885087,0.19740080728454262,0.13968424779835975
2019-04-08,45.398378957625376,22.62423357931358,0.21628383173518467,0.13987535770374093,0.09926644917239295,0.089843546863226,0.02872445322687546,0.042207823375114625,-5.537881632035668,-5.8687960261195595,0.38556437641466595,0.2375932249264377,0.14620906215062998
2019-05-13,43.810531908746206,18.999286358542093,0.19991311708198897,0.11976287494275913,0.13387102230163705,0.12919729333603922,0.023167195404684496,0.014340602505627228,1.6865323406012014,1.960590559221199,0.30332780617483807,0.20502299606897703,0.17401694303962217
2019-06-12,64.5492019354205,25.579733681864628,0.22299377909482707,0.1276969485246631,0.1596971532823595,0.13663152146765903,0.05157267615125065,0.02212866506225901,-3.5132797560886067,-4.520507619996353,0.3765378586386822,0.23767242153479526,0.16207709758051606
2019-07-11,66.78302102125197,24.754368372285327,0.16451106042129243,0.111946653947805,0.1292900535565745,0.13113540937170154,0.022865937280553347,0.020233682599667277,-3.045263451035419,-3.477698062050303,0.5199035252943754,0.2782543293461551,0.17035514871670965
2019-08-09,67.04804860134396,24.64241333280501,0.21909784631885915,0.13202112565324586,0.14765675360073552,0.1393052019182384,0.04791169825272111,0.028950983158408813,-1.6814736346440793,-1.1513019463464838,0.40584326090161005,0.25591708465445123,0.16665271332248438
2019-09-13,78.40776757888722,25.23522889808951,0.28411250697037593,0.13466156835105492,0.2413617013797119,0.1937159165067529,0.14396512600193936,0.08280621380359678,3.4371913703303565,2.10390757601267,0.39961744482002215,0.2124148405559071,0.16983894347835474
2019-10-16,93.83439136932901,10.091710224696156,0.34418800110898123,0.08704693941102545,0.12625274273830117,0.13737083565175454,0.03639777921526044,0.015422985983916032,-0.8970634426207065,1.8506021291386714,0.5314977112414496,0.3039083732551307,0.38984066066837514
2019-11-18,94.84303388261539,10.795884395517614,0.359829302054494,0.0898271915230102,0.046533457123602844,0.08592381204115405,0.049242215875672686,0.041330071650616904,7.136065440116268,2.2238256416143996,0.1618206305091852,0.08548705944737287,0.365455390057574
2019-12-17,161.7759160548597,8.341091745238066,0.5626509229629639,0.07824522039608182,0.14226359073240924,0.10890346975068098,0.06583115520312524,0.014279330497520157,3.5379613396590806,5.5211183410929925,0.30420226959656577,0.0949756073427627,0.4160264170621748
2020-01-16,118.98289021081018,7.060448355833286,0.45474597908780495,0.06992647721058481,0.12344538992212269,0.13739933495380321,0.03671530600298095,0.017688987199528966,4.880143231763799,-0.6951559502859337,0.22790097805190435,0.1013435076111705,0.45092722415264275
2020-02-14,105.22744635038822,7.421395521005893,0.3656740785614323,0.06911831372688607,0.27636246828579397,0.342398289970436,0.18457342876345326,0.22356326263829165,-6.31735701452687,-9.260950901598292,0.2641010023652225,0.09434729003082018,0.44052411080730547
2020-03-18,153.52486231033635,18.098843240577814,0.5233483515618901,0.12341038325998806,0.4805942846581901,0.4958470669327741,0.36227181097737676,0.34406331783609617,-0.6569896944025345,-0.10681285547044485,0.4529381049852965,0.3559652062594804,0.2855872111063405
2020-04-22,152.7217362465317,34.63674452333631,0.6336725443443461,0.2166801431921416,0.34741547014727286,0.21791223594691178,0.19020085918984916,0.021778892199544153,0.5359746060597177,-1.2461334477882606,0.5092632746289039,0.4224098714296762,0.1788348912784233
2020-05-22,105.66977434646945,34.75572434463559,0.3661677885555164,0.2051871931379383,0.14005679891530137,0.15661739673768932,0.038330583929345685,0.044199644159572116,9.824533335486828,10.563469694420132,0.41064672478656444,0.15487009274653396,0.16111051574655463
2020-06-23,95.55556105760272,34.632657059959186,0.3884699669277835,0.2187191569574554,0.11294726610730567,0.13037089809967797,0.06817043544091751,0.07624334951799294,6.647780943396889,6.512000172451264,0.1896953444485623,0.14518726581755806,0.15253911746668838
2020-07-22,91.64690046841342,33.96832411380674,0.43301133760366517,0.23842166926918004,0.1557348541594785,0.15775575228731137,0.018033254002054133,0.048649937459237846,6.894299198919049,8.632241560160244,0.18416376074962795,0.11934656946885014,0.14884160064697594
2020-08-20,97.64622347245454,33.24880945728012,0.4609639434116489,0.23550589868264393,0.3509655322710916,0.2873622357759989,0.17622663734394178,0.0774300348725237,-0.8038153986566616,1.103742988241874,0.22679734450458283,0.14773615649492128,0.15439962202205737
2020-09-18,53.755268248425494,18.150055235376225,0.25810053836600705,0.135003444010931,0.17208914175536272,0.17489001344725194,0.021495585652214128,0.03165003278287076,-2.796264438810154,-3.05155654063374,0.5226330527136487,0.3859656200678625,0.22480149422900297
2020-10-20,34.91053160574797,13.913808848955124,0.2043179851865163,0.12491550582667416,0.19596688640269827,0.1619205725365601,0.06910403902923498,0.018381184220353924,5.747247494014873,7.147797832672585,0.5156351737166187,0.38438804835306434,0.21459481582147913
2020-11-18,33.451962048829046,10.902423571219385,0.16113345047365576,0.09274807781134838,0.17397004785451414,0.1456238019099512,0.04281087514919915,0.0075583952692412915,2.8959315659450606,4.877378527521698,0.24850172870941079,0.1887830679113378,0.26120089277140063
2020-12-18,31.070446425234586,9.020833016185298,0.13274073990316287,0.07583820278229908,0.14816219059416683,0.1672464892280105,0.013354399939084216,0.03244693436378682,4.201584538179211,3.18770177440797,0.25535925389544767,0.17062922157122745,0.29426452886877236
2021-01-19,32.28157195852676,10.632423952330617,0.17631206851872486,0.08843550563742265,0.17272192018915394,0.1483529895370715,0.04044231786349681,0.01235350520635961,6.789233510649543,9.3247943779653,0.26709483555320823,0.14620874846294615,0.2721127279569427
2021-02-18,37.32848092895429,13.874715810049384,0.18550639728565682,0.09834846571468706,0.1558320049190178,0.174842642566567,0.02131611719587795,0.03556881899678718,3.5165829896732643,3.869695782407092,0.3469962259057572,0.18943149993805866,0.2261572701193439
2021-03-22,47.9910798834519,18.647294749455003,0.19145031242905075,0.10967348804345174,0.2315478109325667,0.22554959813028488,0.10794422780185588,0.09301284664850662,-0.40171100502723356,0.3881952717101642,0.3471775538476509,0.2510567795642758,0.18327168616307973
2021-04-26,40.845600533359345,18.96875277967674,0.18089641794309255,0.11542873173994846,0.10641527184051232,0.10631967497841999,0.022921082945577945,0.031094073843130288,2.4754702783403935,5.31121848120702,0.2932144988029777,0.17147798391050662,0.1684537185866247
2021-05-26,55.91567082204315,20.935046087327613,0.2291465271239419,0.12461716832488788,0.19074215106237746,0.14263470696830027,0.07196028805986655,0.009584358328055903,11.676449606751051,10.20137849492128,0.19874673415181268,0.07235177989364404,0.17172381016196758
2021-06-24,47.1222105501393,20.683781303890324,0.16947892007033638,0.11599190090334882,0.16117810989596676,0.13166683192330297,0.03397724565186505,0.003833745058493543,-0.05499423599033382,1.439967165146819,0.3151648910235508,0.14938221764623366,0.16409864685663225
2021-07-26,42.932414843795605,17.70973563310503,0.12972649065219893,0.09268338483131729,0.17747756055656225,0.16277337379281237,0.046881646131324534,0.02843222832123829,-3.732398466036172,-4.134716711457622,0.273398514081892,0.18331905736792822,0.18411839344044134
2021-08-25,44.608034890983696,15.645400390881392,0.13585307566116167,0.09330473489330539,0.1459053181017547,0.14085794294519277,0.01267335671616801,0.004171212417781706,3.206943511367786,4.608002255971455,0.2767976015730701,0.1518902674478396,0.20728533902986365
2021-09-24,32.10576137342772,11.182518093376295,0.13893258612524934,0.08007423074404399,0.11204092069706756,0.10805315201767429,0.021246233699848932,0.024794516377268427,0.5238671743493106,2.216764870116695,0.27940976782119015,0.17018855629814178,0.2533328333519305
2021-10-26,30.258635590142067,8.75973616511279,0.1308526070776067,0.0727416634650937,0.14797352319929843,0.14731045967380463,0.04360965669282496,0.0381723808880982,1.0753023720877175,0.7089118548628417,0.28789212460789426,0.1814702950326535,0.28948124635167627
2021-11-26,35.94669580927401,11.534565216520704,0.14684363281023988,0.0809553225965837,0.1665637134830987,0.18157066808048744,0.059757837181254256,0.06975904909418129,-1.088920454737012,-0.4748442589556882,0.2810462844228377,0.11362041887781807,0.24471525983373463
2021-12-27,41.591419388354076,14.011118000985446,0.19341929444871506,0.09865208054604425,0.14820810488784364,0.1523517481732744,0.032434341988375026,0.030778420765078224,-2.502327337039683,-1.8748658199147872,0.3078973081040376,0.18821095120032916,0.21576608562565158
2022-01-25,42.790111415679775,16.702353932579673,0.22008805111088725,0.11444966810755469,0.1184234695102047,0.13209801771283447,0.0026145075524634798,0.0050732909093783585,1.0181558521265204,0.25959007166808035,0.3039605942702385,0.1757134458838451,0.18912681172443202
2022-02-24,44.29592739835613,19.467642976543566,0.24507325419746265,0.13571799496166395,0.28549866244351385,0.2653028894486412,0.17010567414712657,0.14181437850857184,-3.4126266536115346,-2.357115364464302,0.24794546652081878,0.17259248472023883,0.16345803568170025
2022-03-29,63.0231410576268,28.96583164844772,0.24861666661865245,0.16314007079731152,0.1446494838748276,0.1354000435099484,0.01364507264492229,0.0021315968739233637,5.043359341898056,6.327962402290119,0.6719365708819167,0.4214222697274017,0.1328085889435947
2022-04-29,130.78628470431124,39.67261358422346,0.24412484575002055,0.1696387085197332,0.2028965583376036,0.2068342009908219,0.0689702302810607,0.0672284244896291,-2.6840788566801743,-2.899319673294457,0.19525810980323,0.15374649800254514,0.12835503534800896
2022-05-31,126.86966608667362,46.11177505281234,0.3295158025720551,0.2225644156259496,0.16290629358980013,0.14411951712640556,0.02986098728735745,0.000713726529614378,-5.403503581271945,-5.517674151943297,0.5025823072407669,0.34266798620523486,0.10974180760994864
2022-06-29,108.18943377257118,44.38244391993142,0.3159526386722806,0.21910734024348816,0.12409663870455703,0.1204834577899051,0.006900483542852692,0.01994845659532049,13.135163473671248,13.052544140584631,0.3739044281048687,0.2511094245438712,0.10671080678756201
2022-07-28,100.21325516167228,40.24765018196097,0.35115967100747275,0.21423971735284975,0.16310889801028752,0.13605323879975534,0.03307954735718377,0.004575167668707331,3.9434382470392895,4.710848882578506,0.37881237385329675,0.23208548082417108,0.11402045362210772
2022-08-30,80.85047779888293,33.90712388795897,0.2944733448738526,0.19443320454416463,0.22684446284913704,0.20467246560803692,0.0975529951592913,0.066342071152688,0.31464377412303085,0.38507152344591355,0.35741197249709955,0.2105458103383211,0.12640309051901089
2022-09-29,78.10471571083487,29.340178603515383,0.21047236750989365,0.13306009291387136,0.14959258511927293,0.13319911277497007,0.024728892439976585,0.004441061954607195,5.4318929794423365,5.489670246894595,0.5481433146392785,0.4034565587859605,0.1368195346216074
2022-11-01,66.41798336555993,26.421789198151618,0.17798493960820758,0.1140366508969606,0.1905855958497224,0.14112908038496685,0.06420066077261682,0.013123994788550086,7.091899960259539,6.882056135803252,0.2668499738523528,0.2018202839068817,0.14448312832229754
2022-12-01,29.569400286595464,10.396437316096527,0.1135034848258762,0.0752367280951633,0.17949027056344197,0.19673549978738591,0.07165330331552373,0.0887721791999446,1.1550120900846004,0.5619098127643916,0.5813508369123108,0.37181610522611175,0.26067539852112054
2022-12-30,42.350015874011966,15.799505678861582,0.14142952171152173,0.08936030288999605,0.08021718712834673,0.07443856017264582,0.027725322933514554,0.03756855635407445,-0.737329901621354,-1.748987129798097,0.27267546859326913,0.20442162640251196,0.21301433196368483
2023-01-31,45.501468331758055,17.990860188868492,0.15231853707451978,0.0973654078496788,0.135201429832279,0.12286828909565475,0.03609308622380894,0.01639506458611313,9.5458581291577,7.917879120315373,0.15636094308433182,0.08992238619449894,0.19593721969338718
2023-03-01,46.18167212776101,18.700097353029435,0.12197390216680347,0.08786496854165565,0.12408960442017943,0.12573083505767843,0.018084312813062026,0.015798362273410804,-0.35741415106038243,-0.006918288198617111,0.2505550245589471,0.14853869575403128,0.18987685990882866
2023-04-03,64.19110283183024,25.561013514522205,0.15109609632796933,0.10481673131072324,0.07394973652338235,0.07618138605927667,0.01920397324478826,0.02537976934682727,6.729579765260652,7.710190703724445,0.34809367085794124,0.2118881737610288,0.15892912820048127
2023-05-08,72.52589379684316,28.510421954694653,0.18141672491574865,0.11320278632814137,0.0989093731837517,0.08815433334440143,0.01432342310019255,0.007923013411395757,5.184986948416878,7.382514877506089,0.21251247069479254,0.13534711916935202,0.15084573800636442
2023-06-06,70.4169121365133,27.78156749379881,0.18051013460985146,0.11852148896983658,0.09720112362352026,0.08976248838910675,0.018058285783807304,0.0016312224398234848,8.376504685542956,9.730553459425781,0.19766367561112436,0.12078288493274844,0.1514453232571053
2023-07-06,46.803463405076414,16.68782848798204,0.14996198586621204,0.09392452057446495,0.12566543927169652,0.11719946504943766,0.045114908843717744,0.028408508829867687,2.4180400699587676,3.4373964321221804,0.21083575410465646,0.16735419731559267,0.19774028662678053
2023-08-04,52.92776331263708,15.592433279044347,0.15085274119028508,0.08782035914068834,0.0980035264358559,0.09194644726216233,0.013390991384261905,0.0004259090752167932,2.366073855591527,3.079254965553764,0.23265419702079793,0.11908548062524495,0.21077914439647963
2023-09-05,44.42194490294373,13.42762699559086,0.17124974452856193,0.08495771149768591,0.13121847953298335,0.13872335083921147,0.05038343478774028,0.05023268610425925,2.184662193449743,2.2163003088673974,0.3173134842806234,0.16046202575085272,0.2189953247708907
2023-10-06,48.40988620615678,13.233009163752822,0.16410609477416208,0.0735931249644181,0.14456615895300154,0.15968896357478898,0.05881418604715985,0.06742774282940917,2.22137738939373,1.0775238336735284,0.24652008892721541,0.16906711825016388,0.2397523986401717
2023-11-07,58.62077008684403,17.1783716909555,0.1951979302002079,0.0870069608499758,0.15088110960390702,0.1120748956177036,0.054435754030139005,0.008583756984735444,6.778862083408603,9.784607127130112,0.21464392798039678,0.13957813093148116,0.2073810371735826
2023-12-08,55.5001034390349,17.64013473432214,0.14338784588686312,0.08002832771017285,0.11030756837120773,0.10327944274750087,0.00954835411667071,0.0011965822017184768,1.5960160316611192,2.5658004383510686,0.3309819588563013,0.14027479039885957,0.20434377606385984
2024-01-09,61.21122698675815,19.77691295593574,0.1273129599009357,0.07967401355277458,0.17446107912221978,0.16313797705406854,0.07181697049343169,0.058000216004421706,-0.3711745568883491,0.25110932118118134,0.1836283723840781,0.09593431147119082,0.1943774774661648
2024-02-09,59.2216528790953,21.23269999761466,0.116787178422423,0.07968650353792464,0.13606191648839774,0.12998332998727907,0.023132464990565732,0.015658388622701774,2.5355013553899686,2.219240474737389,0.3406188219714377,0.17863738522713357,0.18062395786590757
2024-03-12,72.91462917156777,28.65594464728002,0.11444582700634026,0.08666765322770166,0.14847340832340333,0.15144013329534733,0.031849484961288727,0.03342168618091705,0.8965519438692949,1.8028757895577445,0.22710179602059727,0.13689190469420626,0.14527691164949097
2024-04-15,70.99091613718541,27.566524177252845,0.12558095829221388,0.09215779413353056,0.11008682491008956,0.10857032135430884,0.007039858390419915,0.010391124392552048,2.5164025761381317,3.1261435469912575,0.295309340931899,0.17409722627716467,0.1517045415425198
2024-05-16,67.7040518490896,25.32224188133593,0.1446847525526222,0.0976250748487375,0.1895373953954436,0.2113079682949771,0.08299838278825432,0.09977449353218983,8.101761409674916,7.50383423811738,0.2997029204795742,0.17204936660320078,0.15986464395973368
2024-06-18,100.99184118758652,28.507065782957934,0.1759128107488842,0.11628338873978036,0.17901243753691007,0.17173748529954053,0.06266618927812323,0.04516981624405747,3.6851509641296416,3.8099159799155777,0.3383507456293371,0.2513082275365654,0.1879775431912616
2024-07-18,103.33932637577979,25.42519773213624,0.20267032577058397,0.1103667001460861,0.21902233248714714,0.20490357482786775,0.09363174044601547,0.07053972314694965,3.0002625243912937,2.85499525906299,0.25612178491262116,0.11487683593107428,0.2051422234274849
2024-08-19,159.24578737736212,33.14716066905996,0.18926692525107017,0.1170381540140301,0.15158585266039845,0.12832062078739326,0.018925569755672972,0.009893308225903036,3.451184656238856,4.180203261275961,0.4515675389713271,0.2205150588450781,0.18290900421453019
2024-09-17,168.2168635431229,28.21878651798947,0.1683215150106146,0.1094667740498052,0.17745575390908744,0.17107079353865565,0.046601472120037984,0.03586267267194576,1.536738177878903,1.6634348969371622,0.30869881445837655,0.15478840652254608,0.21267850754349105
2024-10-17,206.9783033410091,20.725672838793198,0.19606908051776475,0.1024103142911236,0.14371255212912779,0.1515253025605837,0.010848244682506225,0.014292397547663399,-6.270611275075934,-5.64889820345501,0.4104414297344724,0.1667874037313627,0.26342706417719564
2024-11-18,122.50797198602638,21.713249631221558,0.23671677402702296,0.11149433275525615,0.15522816770226022,0.11495831957991245,0.016621613975606492,0.02932342881226102,1.4752624323547927,3.554357356085587,0.35098737711165784,0.1549363608958828,0.24053579659650437
2024-12-18,57.66152710904376,17.59148271714167,0.15374849921733186,0.08778874351022165,0.1739422699118043,0.1834750576773895,0.04587628022196766,0.056383304437829185,-4.7263950318344445,-4.804269940507408,0.40249052087408743,0.2857712216992817,0.2013104404082085
2025-01-17,81.5396313860182,26.762796426917106,0.1925911156265509,0.11956887238905285,0.20471810900204282,0.20706322550805645,0.07571492956482387,0.0740865611153271,-1.15946351206745,-1.518412130790926,0.3215628718172011,0.21315579876579713,0.16231239486594717
2025-02-14,83.46363339573703,26.651092756405145,0.21295091944447914,0.13029808063422246,0.187149723940192,0.18120417174039427,0.06229522789673181,0.04985407234172684,0.011421785269018847,-0.518163999594763,0.3860063084929571,0.26582302885600645,0.16329561837808274
2025-03-19,91.81739749791873,32.33045762384235,0.21164444398213395,0.1384731654632535,0.21011380436487406,0.20739453512925457,0.07630725867536273,0.06827800947909271,3.9632915535564317,3.9503809932047798,0.30544921591209284,0.21112964884164004,0.13792403441274664
2025-04-23,100.93128169135818,45.55891561590825,0.22664274381755625,0.16826836292956068,0.20571109797647155,0.18918793165522552,0.06148479946114255,0.04024686886924811,3.3357721576329387,3.8630641904595033,0.4293726868020962,0.2922981821479317,0.10192965203209328
2025-05-23,81.73710394539695,41.59442768638346,0.2239767824916415,0.1639738430746205,0.1574872692841732,0.14624056507547922,0.005363356473099601,0.009331795930979325,-4.218732868248484,-3.7214571343129865,0.3789500552748112,0.24900483104332813,0.10175436264753954
2025-06-23,101.3417759902391,47.20475458698222,0.2785170688749522,0.18440047612600677,0.15698497858562654,0.1274243875939434,0.010579974803690273,0.024638784778657163,6.206521167721479,7.880405640182362,0.33410426280646643,0.22532177196298686,0.09920039470237878
2025-07-22,76.83223921868222,37.43866881744556,0.21881709397451002,0.1570202747000913,0.1528529291437244,0.14290573898657502,0.013283920686213924,0.0002884404343960201,3.3543468507327514,2.756189103176039,0.4278681109414285,0.2618980712601816,0.11095043900400706
2025-08-21,69.26854956457514,32.526539639668265,0.19604823272558064,0.1404999166865682,0.12612496538382267,0.12457469462316569,0.007495746292603939,0.01071839398103154,-3.7372419555664953,-3.1152452636773402,0.3884304713937972,0.2389260335996405,0.1273567916904627
2025-09-22,74.96623299561956,30.568766598647723,0.2847348178182822,0.1495200659808426,0.13537286243384872,0.12564471347924433,0.01316286066301954,0.0010951636823617328,-1.0923669498426058,-0.7306370515577623,0.553387855998921,0.3096937081250635,0.1461855146971153
2025-10-23,66.2282331922996,18.635641045916312,0.19599573576855325,0.0953189349462501,0.09885638471001863,0.09713769885936849,0.012575052889563731,0.013722612292938335,-3.5373726386033146,-2.174509197385095,0.485145674991374,0.3422434844874982,0.21014876948953404
2025-11-24,47.74687093372181,13.658733858333049,0.16074368432160424,0.08226174452590605,0.14258212499682443,0.13505532997565967,0.046814765432180924,0.040539287753889014,0.5602017391349172,0.697729880835919,0.467751083722177,0.2462097635440444,0.22942653558080336
